,c0,c1,c2,c3,c4,c5,c6,c7,c8,c9,c10,c11,c12,c13,c14,c15,c16,c17,c18,c19,c20,c21,c22,c23,c24,c25,c26,c27,c28,c29,c30,c31,c32,c33,c34,c35,c36,a0,a1,a2,a3,a4,a5,a6,a7,a8,a9,a10,a11,a12,a13,a14,a15,a16,a17,a18,a19,a20,a21,a22,a23,a24,a25,a26,a27,a28,a29,a30,a31,a32,a33,a34,a35,a36
c0,0,612783.135335,579597.650516,742879.600405,586812.226563,738707.007594,607551.507765,738801.597416,619058.734375,736532.081159,623768.499377,738841.667475,628032.310236,739438.998064,630814.965937,739576.488992,632448.954987,739411.086793,633230.883096,739294.311235,633577.925289,739235.425784,633726.861762,739208.727317,633789.749713,739197.155473,633816.088617,739192.245467,633827.074174,739190.183979,633831.646274,739189.323078,633833.547033,739188.964545,633834.336781,739188.815441,633834.664815,739438.691613,886026.082813,769028.515557,906971.118637,804313.977273,919393.455524,815477.631375,923323.648454,831782.465615,929063.806977,841130.997334,932354.981437,846317.613592,934180.942933,848471.257889,934939.138906,849365.517947,935253.965443,849736.842521,935384.691207,849891.028027,935438.972608,849955.050642,935461.511933,849981.634822,935470.870961,849992.673399,935474.757121,849997.25696,935476.370775,849999.160197,935477.040815,849999.95048,935477.319036,800465.869029,201164.054953,418300.345939
c1,612783.135335,0,503632.888361,519062.043863,539765.536441,535861.444233,570717.229146,550252.027418,575564.051056,552505.493635,594739.83892,561421.02446,604171.036876,565805.936135,608986.446571,568044.797655,610507.41046,568751.949848,611035.516883,568997.485996,611232.44175,569089.043628,611309.377309,569124.813806,611340.278447,569139.180885,611352.883689,569145.041526,611358.068951,569147.452346,611360.211479,569148.448486,611361.098841,569148.861053,611361.466809,569149.032135,783249.483779,343791.847264,662208.52627,357549.247447,704125.555276,373954.759639,730843.885525,379145.154056,739297.060929,386725.872683,751643.163961,391072.349777,758721.919508,393483.798915,762649.251596,394485.107558,764280.00196,394900.882032,764957.140204,395073.524518,765238.309051,395145.211044,765355.059097,395174.977519,765403.537345,395187.337484,765423.66702,395192.469726,765432.025487,395194.600792,765435.496183,395195.485677,765436.937323,395195.853109,765437.53573,927545.363424,813947.190288,194482.789396
c2,579597.650516,503632.888361,0,451030.918652,689281.903802,495637.579164,681471.363811,520387.663115,688348.016227,530517.565232,716380.959354,539688.295962,720644.770212,545673.314293,714285.895069,549187.746357,717511.471781,550869.540502,714727.838194,551615.969134,728422.627269,551936.306114,706585.696606,552071.567382,719276.281695,552128.217877,711609.423817,552151.845939,723311.96652,552161.679746,704791.871076,552165.767956,724438.781175,552167.466568,711605.623334,552168.172114,597880.779043,159841.041096,307884.695777,842948.11207,327373.468121,743756.414202,339795.805008,842948.11207,343725.997937,835151.967137,349466.15646,842948.11207,352757.33092,842948.11207,354583.292416,842948.11207,355341.48839,842948.11207,355656.314926,842948.11207,355787.040691,842948.11207,355841.322092,842948.11207,355863.861417,842948.11207,355873.220445,842948.11207,355877.106605,842948.11207,355878.720259,842948.11207,355879.390298,842948.11207,355879.668519,431249.574829,378433.595564,698115.677757
c3,742879.600405,519062.043863,451030.918652,0,574133.482412,665957.909303,516733.150441,680348.492488,588336.090418,682601.958705,596306.444418,691517.48953,605015.880517,695902.401205,607419.841074,690946.380417,607939.49632,688834.656491,608051.828269,688834.656491,608076.11065,689083.522572,608081.359683,688834.656491,608082.494347,693886.851937,608082.739623,693910.479999,608082.792643,688834.656491,608082.804104,693924.402016,608082.806582,688834.656491,608082.807117,685442.986348,779970.824088,610871.959748,143146.482407,391917.193418,778404.386773,345799.315698,790826.72366,391917.193418,794756.916589,388292.47818,789866.11108,391917.193418,793503.30982,391917.193418,788321.51931,391917.193418,806372.407042,391917.193418,782887.724638,391917.193418,784990.677768,391917.193418,797452.258384,391917.193418,782431.732423,391917.193418,806904.139097,391917.193418,806908.025257,391917.193418,806909.638911,391917.193418,782431.732423,391917.193418,793120.328532,613339.619874,829464.514216,324579.254467
c4,586812.226563,539765.536441,689281.903802,574133.482412,0,530172.546725,723650.11609,529680.497644,726489.015069,547152.340434,738240.963655,557459.553428,755273.579309,561844.465103,751750.518481,561123.730201,755652.470623,564790.478816,756906.590473,559952.558971,770601.379548,552218.038585,748764.448885,566994.738814,761455.033974,560045.25363,753788.176095,571437.646869,765490.718799,571445.401336,746970.623355,571448.626138,746697.635038,560068.973439,730888.481516,548577.502361,818318.781473,845224.083156,717279.964819,182216.288994,361908.435681,910239.733675,367684.038134,787204.983377,369511.329741,904612.66072,367237.413927,926552.219909,368928.481731,933249.335356,366519.276261,934250.643999,374911.799537,934666.418473,363992.904763,846062.144694,364970.645213,921597.691062,370764.493523,839834.079446,363780.897169,921597.691062,375159.021375,889792.525841,375160.828194,921597.691062,375161.578441,889792.525841,363780.897169,907296.963211,368750.419609,906973.833651,385648.17161,734248.325837
c5,738707.007594,535861.444233,495637.579164,665957.909303,530172.546725,0,619966.018976,697147.892858,562419.054537,699401.359075,567128.819539,708316.8899,571392.630397,712701.801575,574175.286098,714940.663095,575809.275148,709978.897579,650695.050739,710725.326211,609523.939237,711045.663191,644648.448911,711180.924459,606634.66576,711237.574954,644649.828851,711261.203016,629862.487845,711271.036823,644649.893333,711275.125033,629862.501784,711276.823645,638000.960674,711277.529191,588316.316341,655478.620261,803522.274942,712388.835718,168264.111044,423203.549468,835433.384172,366000.157537,839363.577101,420587.315771,804021.362758,430787.82579,801620.004318,433901.561697,787328.835434,434367.107005,775490.331713,434560.415888,776418.634287,393365.022005,771459.433597,428484.282647,777000.629606,390469.364831,774018.378943,428484.282647,774018.378943,413696.88862,777117.479558,428484.282647,767543.249079,413696.88862,777125.01419,421835.346974,763329.782833,421685.112127,874071.174728,341378.654837
c6,607551.507765,570717.229146,681471.363811,516733.150441,723650.11609,619966.018976,0,569015.177444,720197.840732,577042.178237,742014.714204,564040.851863,745764.863001,565618.215653,737392.302982,560662.194865,749361.296286,556081.63615,752994.912224,556944.84034,761092.66324,554828.7363,744852.770636,557486.022506,757119.340537,556133.575381,739937.452968,556147.844415,747187.832655,557594.678208,744503.33438,553145.739994,732846.91191,557601.684465,712585.595372,551188.200076,839058.062675,841312.404907,373586.668034,747337.315294,788230.130019,196762.469507,388423.319336,908650.343859,390250.610943,806416.205544,373818.712362,908650.343859,372702.23228,908650.343859,366057.740924,908650.343859,360553.584037,908650.343859,360985.186132,908650.343859,358679.470876,842948.11207,361255.777215,908650.343859,359869.218921,842948.11207,359869.218921,871683.873662,361310.105066,842948.11207,356858.692297,871683.873662,361313.608195,829972.764403,354899.696481,811494.686246,406387.452813,765200.018542
c7,738801.597416,550252.027418,520387.663115,680348.492488,529680.497644,697147.892858,569015.177444,0,618883.480539,712400.26009,582946.129313,722707.473085,589495.979914,727092.38476,592278.635615,726371.649858,593912.624665,730038.398473,594694.552774,710819.916034,638623.500772,711140.253014,608081.359683,711275.514282,638629.884468,711332.164777,608082.739623,711355.792839,621443.107748,711365.626646,608082.804104,711369.714856,621443.121687,711371.413468,602050.089562,711372.119014,543924.54022,680228.704212,823494.974895,347464.20865,847761.131236,765777.646951,180591.858108,422464.583539,864113.661052,374932.163075,772689.988325,422464.583539,873144.994036,422464.583539,874970.955531,422464.583539,817452.956699,422464.583539,779668.374767,422464.583539,777565.421637,391917.193418,790027.002253,422464.583539,788808.886713,391917.193418,805047.528213,405277.508523,778391.714028,391917.193418,789344.211858,405277.508523,821286.169714,385884.475862,785695.072401,377293.336006,898821.258679,355769.238021
c8,619058.734375,575564.051056,688348.016227,588336.090418,726489.015069,562419.054537,720197.840732,618883.480539,0,588549.404848,761524.6858,549473.740644,751821.30395,563866.883124,756902.274577,579071.635609,752200.195265,575591.607745,759871.564639,558455.764513,767149.10419,557667.635278,751729.423051,563542.463456,759958.239516,563010.227797,740529.891556,570574.440013,757323.904092,558187.116796,765035.483887,563281.811431,743245.359679,578133.833971,722721.666809,561586.647845,850565.289285,848189.057323,731482.572825,784916.272454,394154.943493,817917.865186,799475.338647,196418.897,401757.837553,962289.923739,359251.601142,816025.502356,405956.837259,933385.091701,406805.794085,955784.076542,380063.555632,961175.260417,362496.110305,833849.085623,361518.369855,934384.272197,367312.218165,852047.138517,366745.871336,852047.138517,374295.814519,869870.721784,361902.543655,852047.138517,366994.763734,869870.721784,381845.757701,899130.148504,365298.144251,820601.321983,417894.679423,770046.840452
c9,736532.081159,552505.493635,530517.565232,682601.958705,547152.340434,699401.359075,577042.178237,712400.26009,588549.404848,0,655417.568253,724960.939302,592498.566574,729345.850977,600305.636409,731584.712497,601939.625459,707803.971144,663019.988789,708550.399776,603845.637757,708870.736756,650593.401946,709005.998025,612312.96724,709062.648519,612313.212516,709086.276582,620600.106586,709096.110389,612313.276997,709100.198598,620600.120524,709101.897211,634203.907391,709102.602756,548158.550953,690358.606328,825748.441112,364936.05144,857891.033353,380279.70873,870313.370239,784968.301847,186791.567295,447403.602016,879983.721692,379399.879476,794329.228813,433964.679827,885100.857648,444378.793771,820458.901418,446885.353938,858243.483349,387686.720525,886304.605922,434429.235681,847884.855864,396147.666311,849102.971404,396147.666311,832864.329904,404434.507361,873579.264238,396147.666311,857342.236391,404434.507361,849102.971404,418038.293692,886397.233751,381527.346739,908951.160796,358022.704238
c10,623768.499377,594739.83892,716380.959354,596306.444418,738240.963655,567128.819539,742014.714204,582946.129313,761524.6858,655417.568253,0,599358.553404,778721.55342,562228.465297,758299.849112,606120.013028,783138.198172,576989.18228,780354.564584,594988.229702,794049.35366,608224.491467,779762.366179,590442.712926,784478.992898,591043.170924,784786.09339,583507.496776,788938.692911,602443.31863,777968.540649,594896.60025,790065.507566,591066.890734,754336.455628,608406.795732,855275.054287,876222.00045,739452.926825,807085.331565,398864.708495,789954.227192,404640.310949,766871.747791,842209.135548,208013.966237,409136.413903,985812.188697,369312.481924,825728.909108,411515.559087,954145.658715,381461.130167,956069.059745,399028.575494,954145.658715,412075.226044,860167.315032,394212.467635,860167.315032,394778.814464,827601.1617,387228.871281,860167.315032,406158.745488,858295.06244,398609.552553,860167.315032,394778.814464,930744.937323,412118.292137,789954.227192,422604.444425,789222.628317
c11,738841.667475,561421.02446,539688.295962,691517.48953,557459.553428,708316.8899,564040.851863,722707.473085,549473.740644,724960.939302,599358.553404,0,671438.657403,723994.472713,599413.998713,731178.107714,608039.009013,729066.383788,608820.937122,710859.986092,659775.950144,711180.323072,616087.202044,711315.584341,616088.336708,711372.234836,600947.376525,711395.862898,616088.635004,711405.696705,615218.167202,711409.784914,616088.648943,711411.483527,648902.788408,711412.189073,533909.58657,699529.337058,834663.971937,375243.264434,867061.764082,367278.382356,879484.100969,356546.486589,883414.293899,807372.519642,190222.139502,458339.970304,892445.626882,383911.351057,836145.273746,443617.032912,895029.784351,444511.29297,895344.610888,443617.032912,839476.115288,399923.035779,827014.534673,399923.035779,875424.328064,384781.830321,842035.060633,399923.035779,882749.994968,399052.556515,836471.9152,399923.035779,858273.702134,432737.174709,895567.964481,367278.382356,918121.891526,366938.235063
c12,628032.310236,604171.036876,720644.770212,605015.880517,755273.579309,571392.630397,745764.863001,589495.979914,751821.30395,592498.566574,778721.55342,671438.657403,0,607846.396492,792970.602154,583358.756989,780984.759505,611659.935322,784618.375443,612237.911882,784345.97181,586452.199519,792000.135407,580739.331076,788742.803756,603280.940152,789049.904248,587771.307634,779235.311062,606707.129488,782232.351507,585193.218401,794329.318424,595330.701592,744633.073779,612670.60659,859538.865145,880485.811309,748162.362924,816516.529521,403128.519354,793346.867968,408904.121807,790319.016001,410731.413413,964428.14299,861660.796905,213098.687099,414930.413119,996933.073935,388754.303048,842948.11207,416131.883209,854543.63009,416278.257674,842948.11207,390302.934095,981413.173332,384509.085786,842948.11207,407016.583692,971011.542321,391492.682139,985089.519017,410422.556346,958623.99181,388906.170704,985089.519017,399042.625322,921041.555473,416382.102995,793346.867968,426868.255283,798653.826272
c13,739438.998064,565805.936135,545673.314293,695902.401205,561844.465103,712701.801575,565618.215653,727092.38476,563866.883124,729345.850977,562228.465297,723994.472713,607846.396492,0,679013.127554,732755.471503,607939.49632,706917.369979,613443.012145,706917.369979,608076.11065,707166.23606,672458.872126,730643.747578,608082.494347,711969.565425,667624.150282,711993.193487,674169.573749,706917.369979,661864.785779,712007.115504,674169.587688,706917.369979,644391.328405,703525.699836,535486.95036,705514.35539,839048.883612,379628.17611,873046.782414,368855.746146,885469.119301,367447.986124,889399.31223,448397.738986,880102.975104,820945.083591,192915.983373,463510.479899,900256.60671,391917.193418,810516.882399,397308.377294,848301.464331,391917.193418,901460.354984,456294.705861,901514.636385,391917.193418,844596.845063,451458.604077,901546.534738,458003.974524,901550.420898,445699.175092,869074.751551,458003.974524,877074.128064,428225.714706,887762.724173,368855.746146,924106.909857,371323.146738
c14,630814.965937,608986.446571,714285.895069,607419.841074,751750.518481,574175.286098,737392.302982,592278.635615,756902.274577,600305.636409,758299.849112,599413.998713,792970.602154,679013.127554,0,613166.479587,788593.077069,572366.771057,785809.443482,590365.81848,798516.217207,615270.958026,777667.301893,615377.175319,779856.581676,588948.106639,797790.915469,615440.386243,794393.571808,615448.140709,790973.362729,600351.479147,790700.374411,604071.712813,759791.334525,609041.662577,862321.520846,874126.936165,750566.323481,814966.351538,405911.175054,782687.311611,411686.777508,823021.848163,413514.069114,856259.281278,409191.859211,864055.426212,871929.110927,215502.647655,418562.025646,999337.034492,376838.718945,821840.797928,394406.164272,952559.239854,419121.692603,966294.326164,419146.930028,804017.214661,392683.750178,984195.829033,419161.760749,864055.426212,419163.567567,864055.426212,404064.43145,864055.426212,407783.636543,936199.81622,412753.158982,782687.311611,429650.910984,803469.235967
c15,739576.488992,568044.797655,549187.746357,690946.380417,561123.730201,714940.663095,560662.194865,726371.649858,579071.635609,731584.712497,606120.013028,731178.107714,583358.756989,732755.471503,613166.479587,0,680650.472702,725687.72679,598238.259659,725687.72679,615929.438939,711915.144589,665429.562618,725687.72679,589982.084687,712107.056353,673754.011303,712130.684415,617896.361253,712140.518222,617896.372715,712144.606431,617896.375192,712146.305044,651438.962739,712147.01059,530530.929572,709028.787454,834092.862824,378907.441207,876561.214478,363899.725358,888983.551365,382652.73861,892913.744294,398106.04679,898653.902817,401730.762028,901945.077278,828669.127242,194604.453941,464628.1698,904529.234747,382103.624808,847829.891761,442879.44829,840291.045953,449265.396353,905029.068449,373816.783758,851534.511029,457588.465098,851534.511029,401730.762028,842029.322774,401730.762028,844207.230471,401730.762028,867773.152529,435273.34904,905067.414877,363899.725358,927621.341921,373562.008259
c16,632448.954987,610507.41046,717511.471781,607939.49632,755652.470623,575809.275148,749361.296286,593912.624665,752200.195265,601939.625459,783138.198172,608039.009013,780984.759505,607939.49632,788593.077069,680650.472702,0,616076.580073,789035.020194,590146.567004,796736.574932,586831.090833,780892.878606,617011.164369,789121.69507,592173.683351,770117.362298,592187.952385,782831.744347,587774.587539,786648.996258,588789.651686,798745.963175,599747.346343,748229.507064,617087.251341,863955.509897,877352.512877,751085.978727,822852.903104,407545.164105,778145.353221,413320.766558,815536.901119,415148.058164,968844.787741,417816.869512,932821.226696,800855.479693,868165.997188,875254.926643,216022.302902,420548.52796,999856.689738,394186.912797,817730.226952,390681.825409,906499.75848,420780.919078,911210.966772,395909.32689,985829.818083,395909.32689,868165.997188,391490.014397,868165.997188,392502.603989,868165.997188,403459.270073,924637.988758,420798.747746,778145.353221,431284.900034,804990.199856
c17,739411.086793,568751.949848,550869.540502,688834.656491,564790.478816,709978.897579,556081.63615,730038.398473,575591.607745,707803.971144,576989.18228,729066.383788,611659.935322,706917.369979,572366.771057,725687.72679,616076.580073,0,681004.411536,723576.002864,596351.386029,723824.868945,596356.635061,723576.002864,598545.914843,711941.654154,674513.713061,711965.282216,619807.517265,711975.116023,619807.528726,711979.204233,619807.531203,711980.902845,646063.442846,711981.608391,528419.205646,710710.581599,831981.138898,382574.189822,878243.008623,361788.001432,890665.34551,379172.710745,894595.538439,450451.19998,900335.696962,433702.518195,899833.353352,403641.91804,905452.832919,832098.882975,195528.052113,464869.776685,906525.855428,380192.468797,856790.854507,421464.697101,860567.915392,423655.111547,845547.389431,458348.166856,845547.389431,403641.91804,870023.682265,403641.91804,870025.295919,403641.91804,845547.389431,429897.829147,899080.293279,361788.001432,929303.136066,374269.160451
c18,633230.883096,611035.516883,714727.838194,608051.828269,756906.590473,650695.050739,752994.912224,594694.552774,759871.564639,663019.988789,780354.564584,608820.937122,784618.375443,613443.012145,785809.443482,598238.259659,789035.020194,681004.411536,0,617436.484742,799946.175682,594502.460208,778109.245018,596339.534948,790375.81492,589390.049764,783132.972229,589404.318798,794835.514933,600790.197469,776315.419489,600793.422272,795962.329588,589413.769573,760233.27765,614303.617754,864737.438005,874568.87929,751198.310676,812447.361754,818959.161783,778145.353221,414102.694667,778680.621762,849811.556084,969626.71585,418598.797621,858481.471118,806358.995518,890335.113695,420977.942805,890981.231027,876532.463649,216134.634851,421476.830534,999969.021687,398353.194784,808559.173051,400109.289657,898333.227928,393125.693303,986611.746192,393125.693303,877337.051089,404505.624328,960257.002974,404506.374575,877337.051089,393125.693303,864361.703422,418015.114159,778145.353221,432066.828143,805518.306279
c19,739294.311235,568997.485996,551615.969134,688834.656491,559952.558971,710725.326211,556944.84034,710819.916034,558455.764513,708550.399776,594988.229702,710859.986092,612237.911882,706917.369979,590365.81848,725687.72679,590146.567004,723576.002864,617436.484742,0,681080.921182,723824.868945,592092.673949,723576.002864,593421.783418,711824.878596,674877.26027,711848.506658,624071.478377,711858.340465,662624.032881,711862.428674,624071.492316,711864.127287,618038.775296,711864.832833,528419.205646,711457.01023,831981.138898,377736.269977,878989.437254,361788.001432,891411.774141,362036.867513,895341.967071,450814.747189,901082.125594,399139.224783,899833.353352,413949.15772,906199.26155,414249.561491,906957.457523,833571.119593,195959.654208,464922.00395,907403.009824,375928.507684,859982.021588,417667.775932,907479.83055,458711.714065,907489.189579,407905.879152,871617.309813,446458.422195,869439.402116,407905.879152,875002.547549,401873.161596,907495.637653,361788.001432,930049.564698,374514.6966
c20,633577.925289,611232.44175,728422.627269,608076.11065,770601.379548,609523.939237,761092.66324,638623.500772,767149.10419,603845.637757,794049.35366,659775.950144,784345.97181,608076.11065,798516.217207,615929.438939,796736.574932,596351.386029,799946.175682,681080.921182,0,618033.917378,806903.920458,596067.131316,804494.619183,618184.725204,783873.908437,618203.345595,794563.111301,601531.133677,790010.208564,600521.01864,799874.933477,603108.558649,759960.874018,618216.221643,865084.480198,888263.668365,751222.593058,795811.726135,777788.050281,778680.621762,819215.358879,778145.353221,790637.205052,911823.555983,849998.089646,875931.433637,800992.094023,943086.182928,421324.984998,883034.563798,421677.498262,998033.063747,877040.57539,216158.917232,421884.651955,999993.304068,399836.886025,848893.709602,421920.368743,986339.34256,421924.720101,999993.304068,405246.560535,864896.971963,404233.970943,995963.788532,406820.482379,808023.90451,421927.718048,778680.621762,432413.870336,805715.231146
c21,739235.425784,569089.043628,551936.306114,689083.522572,552218.038585,711045.663191,554828.7363,711140.253014,557667.635278,708870.736756,608224.491467,711180.323072,586452.199519,707166.23606,615270.958026,711915.144589,586831.090833,723824.868945,594502.460208,723824.868945,618033.917378,0,681097.459989,723824.868945,594589.135084,711765.993144,674750.609777,711789.621207,681098.892949,723824.868945,618287.638364,711527.978676,679225.43654,711805.241836,591845.255303,711805.947382,528668.071727,711777.34721,832230.00498,370001.749591,879309.774235,362036.867513,891732.111121,361788.001432,895662.304051,423939.926858,901402.462574,407252.355771,900082.219433,438475.074835,906519.59853,410554.862888,862114.992716,464021.905721,907592.62104,834192.834611,196149.265423,464933.293724,907777.628206,394681.520936,828035.030052,458585.063572,861424.297483,464933.293724,907813.412718,402122.027677,907815.026373,463059.823376,860512.313054,375679.641603,881567.9339,362036.867513,930369.901678,374606.254232
c22,633726.861762,611309.377309,706585.696606,608081.359683,748764.448885,644648.448911,744852.770636,608081.359683,751729.423051,650593.401946,779762.366179,616087.202044,792000.135407,672458.872126,777667.301893,665429.562618,780892.878606,596356.635061,778109.245018,592092.673949,806903.920458,681097.459989,0,618289.071144,797757.574885,581247.908176,790090.717006,596786.078762,786693.373345,618360.036535,783273.164266,618363.261337,787820.188,596371.51435,777803.116715,606161.476166,865233.416672,866426.737702,751227.84209,827593.890819,812912.559955,778145.353221,788673.21779,790432.759938,837384.969241,873229.632027,806309.341545,863295.679124,865374.855499,942966.29043,860034.016558,947598.412396,400828.582949,903378.866223,421972.809201,902845.199685,877246.725412,216164.166265,422058.825853,999998.553101,384983.551715,839410.035671,400507.453268,891867.410946,422075.463393,950880.576414,422076.21364,999998.553101,400083.43808,808559.173051,409872.972571,778145.353221,432562.80681,805792.166705
c23,739208.727317,569124.813806,552071.567382,688834.656491,566994.738814,711180.924459,557486.022506,711275.514282,563542.463456,709005.998025,590442.712926,711315.584341,580739.331076,730643.747578,615377.175319,725687.72679,617011.164369,723576.002864,596339.534948,723576.002864,596067.131316,723824.868945,618289.071144,0,681101.035122,728628.198309,606437.757449,728651.826372,590956.470567,723576.002864,618393.855656,711776.844757,681101.347357,711778.543369,592094.121384,711779.248915,528419.205646,711912.608479,831981.138898,384778.44982,879445.035503,361788.001432,891867.37239,367500.869874,895797.565319,405996.188581,901537.723843,401377.527594,892953.433144,438419.332393,860308.118941,440572.976689,866823.760539,420013.679217,854874.324269,419765.557966,856977.277399,834453.237409,196230.245291,464935.734193,907935.428799,390272.211245,854418.332054,414661.57921,879806.609318,442098.975761,860893.461917,464935.734193,855330.316484,375928.507684,907951.235902,361788.001432,930505.162946,374642.02441
c24,633789.749713,611340.278447,719276.281695,608082.494347,761455.033974,606634.66576,757119.340537,638629.884468,759958.239516,612312.96724,784478.992898,616088.336708,788742.803756,608082.494347,779856.581676,589982.084687,789121.69507,598545.914843,790375.81492,593421.783418,804494.619183,594589.135084,797757.574885,681101.035122,0,618396.549628,787681.415731,593528.747111,790589.788598,605338.640971,780863.862991,596547.695937,800086.757901,593962.213075,755987.551315,618428.046067,865296.304623,879117.322792,751228.976754,812646.732173,774898.776803,953881.810045,819221.742576,788476.496341,799104.534534,874374.380252,806310.476209,911632.105201,415166.510974,885975.131794,399988.500708,894030.487661,403017.862731,888284.972948,397462.129211,950269.641333,398439.869661,969350.291103,877331.280412,216165.300929,422132.193168,999999.687765,397250.121617,821206.204372,409054.067829,899458.307216,400260.64824,909238.18592,397674.136805,932396.03301,422139.542473,789011.764882,432625.694761,805823.067844
c25,739197.155473,569139.180885,552128.217877,693886.851937,560045.25363,711237.574954,556133.575381,711332.164777,563010.227797,709062.648519,591043.170924,711372.234836,603280.940152,711969.565425,588948.106639,712107.056353,592173.683351,711941.654154,589390.049764,711824.878596,618184.725204,711765.993144,581247.908176,728628.198309,618396.549628,0,681101.807945,733704.021818,597974.17809,728628.198309,594553.969011,733717.943834,599100.992745,711766.971525,649670.443672,711767.677071,533471.401092,677707.542447,837033.334344,377828.964636,879501.685998,443494.359937,891924.022884,366591.330797,895854.215814,406528.42424,901594.374337,423850.91433,904885.548797,411922.041373,906711.510293,415667.273332,907469.706267,412995.971694,907784.532803,441814.929515,907915.258568,450686.227132,907969.539969,834561.850557,196264.35646,464936.26174,908001.438322,381808.578865,814363.918556,418190.866776,882860.390606,422737.892988,838840.21139,433504.829973,828151.615281,366840.196878,930561.813441,374656.391488
c26,633816.088617,611352.883689,711609.423817,608082.739623,753788.176095,644649.828851,739937.452968,608082.739623,740529.891556,612313.212516,784786.09339,600947.376525,789049.904248,667624.150282,797790.915469,673754.011303,770117.362298,674513.713061,783132.972229,674877.26027,783873.908437,674750.609777,790090.717006,606437.757449,787681.415731,681101.807945,0,618441.508923,800803.023707,574911.921043,773197.005112,606760.931046,762984.971915,586295.355196,766200.786424,581326.260081,865322.643527,871450.464913,751229.22203,837149.829108,812913.939895,789062.584819,788674.59773,804745.828103,799104.779811,858105.04849,791169.516027,878212.147509,860540.133654,942894.131208,868358.465244,893999.7974,870041.765173,888254.282687,870836.914477,950248.3101,870899.8752,904194.707779,802668.00274,999999.933041,877366.164405,216165.546205,422162.883429,999999.933041,378627.347902,797641.941453,410473.883349,909207.495658,390007.278926,897287.754721,385037.756487,789062.584819,432652.033664,805835.673085
c27,739192.245467,569145.041526,552151.845939,693910.479999,571437.646869,711261.203016,556147.844415,711355.792839,570574.440013,709086.276582,583507.496776,711395.862898,587771.307634,711993.193487,615440.386243,712130.684415,592187.952385,711965.282216,589404.318798,711848.506658,618203.345595,711789.621207,596786.078762,728651.826372,593528.747111,733704.021818,618441.508923,0,681101.975003,728651.826372,587018.294862,733741.571896,599115.261779,728651.826372,593573.334179,711762.767065,533495.029154,711992.887036,837056.962407,389221.357876,879525.31406,366863.82494,891947.650947,374155.543013,895877.843876,398964.212024,901618.0024,408312.743744,904909.17686,438385.78291,906735.138356,415653.004298,907493.334329,412981.70266,907808.160866,441805.011839,907938.88663,420392.994038,848989.861022,464936.375778,864010.386982,834607.055128,196278.625494,464936.375778,908028.952544,370852.684176,839532.480494,422723.623954,883552.65971,417181.696889,908031.514459,366863.82494,930585.441503,374662.25213
c28,633827.074174,611358.068951,723311.96652,608082.792643,765490.718799,629862.487845,747187.832655,621443.107748,757323.904092,620600.106586,788938.692911,616088.635004,779235.311062,674169.573749,794393.571808,617896.361253,782831.744347,619807.517265,794835.514933,624071.478377,794563.111301,681098.892949,786693.373345,590956.470567,790589.788598,597974.17809,800803.023707,681101.975003,0,618460.248947,793985.470966,586616.188055,800124.082363,607083.821051,746056.043433,618465.370529,865333.629084,883153.007617,751229.275051,837166.507644,798126.598889,778145.353221,802034.965856,778680.621762,807391.67388,898807.190448,806310.774506,918914.289467,867085.557122,942885.224992,812500.815194,884481.816769,815335.569377,912717.783144,820031.132585,914363.637958,877248.158373,950571.030638,394726.225276,922566.667705,401709.82163,857124.504491,877380.600497,216165.599225,422175.675805,999999.986061,390329.140358,848358.441062,410795.744781,922464.525127,422176.866934,778145.353221,432663.019222,805840.858347
c29,739190.183979,569147.452346,552161.679746,688834.656491,571445.401336,711271.036823,557594.678208,711365.626646,558187.116796,709096.110389,602443.31863,711405.696705,606707.129488,706917.369979,615448.140709,712140.518222,587774.587539,711975.116023,600790.197469,711858.340465,601531.133677,723824.868945,618360.036535,723576.002864,605338.640971,728628.198309,574911.921043,728651.826372,618460.248947,0,681102.011116,728665.748388,610598.268019,723576.002864,605290.838349,711760.705577,528419.205646,712002.720843,831981.138898,389229.112342,879535.147867,361788.001432,891957.484754,362036.867513,895887.677683,417888.138584,901627.836206,427236.670303,899833.353352,438381.642081,906744.972163,411227.744157,907503.168136,424355.686037,907817.994672,425120.904626,907948.720437,441955.056516,908003.001838,428934.795616,856654.099954,398508.320965,840415.458454,834625.848172,196284.573142,464936.400429,908040.400005,394432.654855,824176.816953,428887.305765,893948.362301,361788.001432,930595.27531,374664.662949
c30,633831.646274,611360.211479,704791.871076,608082.804104,746970.623355,644649.893333,744503.33438,608082.804104,765035.483887,612313.276997,777968.540649,615218.167202,782232.351507,661864.785779,790973.362729,617896.372715,786648.996258,619807.528726,776315.419489,662624.032881,790010.208564,618287.638364,783273.164266,618393.855656,780863.862991,594553.969011,773197.005112,587018.294862,793985.470966,681102.011116,0,618468.045849,793576.305653,579477.802456,777907.901227,611917.593819,865338.201184,864632.912173,751229.286512,837173.443645,812914.004377,864350.971744,788674.662212,789627.797245,799104.844292,882564.840255,805440.306703,872630.887352,854780.769151,910404.233298,812500.826655,886654.40212,815335.580839,912714.074452,858583.687088,912180.407914,422138.37294,950567.321945,422163.610365,903648.197959,398289.61255,925615.654194,390739.669368,882287.858121,877386.584257,216165.610686,422180.998152,999999.997522,383189.726186,722353.554527,415629.090224,789092.528704,432667.591321,805843.000875
c31,739189.323078,569148.448486,552165.767956,693924.402016,571448.626138,711275.125033,553145.739994,711369.714856,563281.811431,709100.198598,594896.60025,711409.784914,585193.218401,712007.115504,600351.479147,712144.606431,588789.651686,711979.204233,600793.422272,711862.428674,600521.01864,711527.978676,618363.261337,711776.844757,596547.695937,733717.943834,606760.931046,733741.571896,586616.188055,728665.748388,618468.045849,0,681102.018922,728665.748388,552013.950772,711759.844676,533508.95117,712006.809052,837070.884423,389232.337144,879539.236076,401868.172044,891961.572963,367126.613037,895891.765893,410336.471093,901631.924416,405717.810106,904923.098876,423280.031409,906749.060372,412237.859194,907507.256345,424353.961729,907822.082882,424105.840478,907677.244099,441953.332208,908007.090047,420138.901472,866433.973329,430352.381856,866433.973329,410207.691886,908042.87456,834633.656535,196287.047697,464936.405758,908045.158254,335848.337072,812901.069482,366877.746956,930599.36352,374665.65909
c32,633833.547033,611361.098841,724438.781175,608082.806582,746697.635038,629862.501784,732846.91191,621443.121687,743245.359679,620600.120524,790065.507566,616088.648943,794329.318424,674169.587688,790700.374411,617896.375192,798745.963175,619807.531203,795962.329588,624071.492316,799874.933477,679225.43654,787820.188,681101.347357,800086.757901,599100.992745,762984.971915,599115.261779,800124.082363,610598.268019,793576.305653,681102.018922,0,618471.286707,800131.344969,574235.719024,865340.101943,884279.822271,751229.288989,812697.749442,798126.612828,778145.353221,802034.979794,821567.542816,807391.687819,874323.362983,806310.788444,894430.462001,867085.571061,918401.397526,812500.829133,910218.111892,815335.583316,888233.955679,820031.146523,917741.341062,875374.701963,903262.396341,877331.592648,898082.84024,402836.636285,881593.262693,402836.636285,926305.825051,422182.148664,969967.945955,877389.066619,216165.613164,422183.210437,1000000,377947.215429,778145.353221,432669.49208,805843.888238
c33,739188.964545,569148.861053,552167.466568,688834.656491,560068.973439,711276.823645,557601.684465,711371.413468,578133.833971,709101.897211,591066.890734,711411.483527,595330.701592,706917.369979,604071.712813,712146.305044,599747.346343,711980.902845,589413.769573,711864.127287,603108.558649,711805.241836,596371.51435,711778.543369,593962.213075,711766.971525,586295.355196,728651.826372,607083.821051,723576.002864,579477.802456,728665.748388,618471.286707,0,681102.020609,720184.332721,528419.205646,677731.262257,831981.138898,377852.684446,879540.934689,361788.001432,891963.271576,381976.578431,895893.464505,406504.704431,901633.623028,415853.23615,899833.353352,426998.207928,906750.758985,423193.496705,907508.954958,412972.251884,907823.781494,426691.323341,907954.507259,419959.528075,908008.78866,417551.361463,908031.327985,409884.748861,854514.23124,430673.267736,879703.794023,450973.397647,765108.963285,834636.899871,196288.07627,464936.40691,908047.135088,361788.001432,930601.062132,374666.071657
c34,633834.336781,611361.466809,711605.623334,608082.807117,730888.481516,638000.960674,712585.595372,602050.089562,722721.666809,634203.907391,754336.455628,648902.788408,744633.073779,644391.328405,759791.334525,651438.962739,748229.507064,646063.442846,760233.27765,618038.775296,759960.874018,591845.255303,777803.116715,592094.121384,755987.551315,649670.443672,766200.786424,593573.334179,746056.043433,605290.838349,777907.901227,552013.950772,800131.344969,681102.020609,0,618472.633135,604219.244369,871446.66443,751229.289525,787981.552956,806265.071717,909348.064879,782641.947669,785975.5264,820995.474686,911616.706227,839124.92791,931723.805245,837307.311778,929089.074532,846043.41668,947511.455137,841591.494959,941765.940423,813998.429503,950233.512063,787994.520726,924317.098084,788324.366674,950702.840555,845934.800133,870903.747481,397294.708684,950783.760697,409006.265208,936700.63319,355726.903075,855653.345699,877390.096879,216165.613699,422184.12954,770850.448583,432670.281828,805844.256205
c35,739188.815441,569149.032135,552168.172114,685442.986348,548577.502361,711277.529191,551188.200076,711372.119014,561586.647845,709102.602756,608406.795732,711412.189073,612670.60659,703525.699836,609041.662577,712147.01059,617087.251341,711981.608391,614303.617754,711864.832833,618216.221643,711805.947382,606161.476166,711779.248915,618428.046067,711767.677071,581326.260081,711762.767065,618465.370529,711760.705577,611917.593819,711759.844676,574235.719024,720184.332721,618472.633135,0,525027.535503,712009.213211,828589.468756,366361.213368,879541.640235,422788.979768,891963.977122,365428.537656,895894.170051,423843.754779,901634.328574,433192.286499,896441.683209,431967.303043,906751.464531,440532.547053,907509.660504,437861.245415,907824.48704,441798.131686,907955.212805,429748.635241,908009.494206,442016.339806,908032.033531,404914.799097,908041.392559,442053.962564,908045.278719,435506.197315,908046.892373,397824.324998,908047.562412,834638.246834,196288.503595,358396.331289,930601.767678,374666.242739
c36,633834.664815,783249.483779,597880.779043,779970.824088,818318.781473,588316.316341,839058.062675,543924.54022,850565.289285,548158.550953,855275.054287,533909.58657,859538.865145,535486.95036,862321.520846,530530.929572,863955.509897,528419.205646,864737.438005,528419.205646,865084.480198,528668.071727,865233.416672,528419.205646,865296.304623,533471.401092,865322.643527,533495.029154,865333.629084,528419.205646,865338.201184,533508.95117,865340.101943,528419.205646,604219.244369,525027.535503,0,757721.82014,636824.341681,891388.748871,756580.427385,890207.207078,724516.398328,890456.073159,734950.118248,918856.703296,724131.726071,927558.430429,704676.556134,917820.937627,725135.383513,927404.143778,723947.257759,912634.55438,724378.859853,908611.674442,724817.33715,904347.71333,724649.450937,904347.71333,729735.757552,918691.416891,729773.654648,915279.979957,724703.778788,904347.71333,729795.998867,922851.860501,724707.281916,388053.63067,721316.039098,166631.204214,432670.609862,899693.778242
a0,739438.691613,343791.847264,159841.041096,610871.959748,845224.083156,655478.620261,841312.404907,680228.704212,848189.057323,690358.606328,876222.00045,699529.337058,880485.811309,705514.35539,874126.936165,709028.787454,877352.512877,710710.581599,874568.87929,711457.01023,888263.668365,711777.34721,866426.737702,711912.608479,879117.322792,677707.542447,871450.464913,711992.887036,883153.007617,712002.720843,864632.912173,712006.809052,884279.822271,677731.262257,871446.66443,712009.213211,757721.82014,0,467725.736874,701341.094711,487214.509217,717746.606903,499636.846104,722937.00132,503567.039034,730517.719947,509307.197557,734864.197041,512598.372017,737275.646179,514424.333513,738276.954822,515182.529486,738692.729296,515497.356023,738865.371782,515628.081787,738937.058309,515682.363188,738966.824783,481443.185987,738979.184748,515714.261542,738984.31699,515718.147701,738986.448056,515719.761355,738987.332941,481443.185987,738987.700373,515720.709616,591090.615926,538274.63666,538274.63666
a1,886026.082813,662208.52627,307884.695777,143146.482407,717279.964819,803522.274942,373586.668034,823494.974895,731482.572825,825748.441112,739452.926825,834663.971937,748162.362924,839048.883612,750566.323481,834092.862824,751085.978727,831981.138898,751198.310676,831981.138898,751222.593058,832230.00498,751227.84209,831981.138898,751228.976754,837033.334344,751229.22203,837056.962407,751229.275051,831981.138898,751229.286512,837070.884423,751229.288989,831981.138898,751229.289525,828589.468756,636824.341681,467725.736874,0,535063.675825,635258.163898,488945.798105,647680.500785,535063.675825,651610.693714,531438.960588,657350.852238,535063.675825,660642.026698,535063.675825,662467.988194,535063.675825,663226.184167,535063.675825,663541.010704,535063.675825,663671.736468,535063.675825,663726.017869,535063.675825,663748.557194,535063.675825,663757.916222,535063.675825,663761.802382,535063.675825,663763.416036,535063.675825,663764.086076,535063.675825,663764.364297,470193.137467,686318.291341,467725.736874
a2,769028.515557,357549.247447,842948.11207,391917.193418,182216.288994,712388.835718,747337.315294,347464.20865,784916.272454,364936.05144,807085.331565,375243.264434,816516.529521,379628.17611,814966.351538,378907.441207,822852.903104,382574.189822,812447.361754,377736.269977,795811.726135,370001.749591,827593.890819,384778.44982,812646.732173,377828.964636,837149.829108,389221.357876,837166.507644,389229.112342,837173.443645,389232.337144,812697.749442,377852.684446,787981.552956,366361.213368,891388.748871,701341.094711,535063.675825,0,544124.724675,731504.007086,528056.066758,731789.751023,551727.618734,722396.371726,549453.70292,744335.930915,551144.770725,751033.046362,548735.565254,752034.355005,557128.08853,752450.129479,546209.193757,752622.771965,547186.934207,739381.402068,552980.782517,752724.224966,545997.186163,739381.402068,557375.310369,752741.717173,557377.117188,739381.402068,557377.867435,752741.717173,541686.349045,725080.674217,550966.708603,724757.544657,567864.460604,552032.036843
a3,906971.118637,704125.555276,327373.468121,778404.386773,361908.435681,168264.111044,788230.130019,847761.131236,394154.943493,857891.033353,398864.708495,867061.764082,403128.519354,873046.782414,405911.175054,876561.214478,407545.164105,878243.008623,818959.161783,878989.437254,777788.050281,879309.774235,812912.559955,879445.035503,774898.776803,879501.685998,812913.939895,879525.31406,798126.598889,879535.147867,812914.004377,879539.236076,798126.612828,879540.934689,806265.071717,879541.640235,756580.427385,487214.509217,635258.163898,544124.724675,0,591467.660512,667169.273128,534264.26858,671099.466058,588851.426815,676839.624581,599051.936834,680130.799041,602165.67274,681956.760537,602631.218048,682714.95651,602824.526932,683029.783047,561629.133049,683160.508811,596748.39369,683214.790212,558733.475875,683237.329537,596748.39369,683246.688566,581960.999664,683250.574725,596748.39369,683252.188379,581960.999664,683252.858419,590099.458018,683253.13664,589949.223171,705807.063685,509642.76588
a4,804313.977273,373954.759639,743756.414202,345799.315698,910239.733675,423203.549468,196762.469507,765777.646951,817917.865186,380279.70873,789954.227192,367278.382356,793346.867968,368855.746146,782687.311611,363899.725358,778145.353221,361788.001432,778145.353221,361788.001432,778680.621762,362036.867513,778145.353221,361788.001432,953881.810045,443494.359937,789062.584819,366863.82494,778145.353221,361788.001432,864350.971744,401868.172044,778145.353221,361788.001432,909348.064879,422788.979768,890207.207078,717746.606903,488945.798105,731504.007086,591467.660512,0,585185.788844,723824.868945,567071.276025,734091.793878,557500.521857,737716.509116,561771.729518,737716.509116,558504.179299,737716.509116,557316.053545,737716.509116,557747.655639,737716.509116,555441.940384,737716.509116,558018.246723,737716.509116,556631.688428,737716.509116,556631.688428,737716.509116,558072.574574,737716.509116,553621.161804,737716.509116,558076.077702,737716.509116,551662.165989,723576.002864,603149.92232,568437.549035
a5,919393.455524,730843.885525,339795.805008,790826.72366,367684.038134,835433.384172,388423.319336,180591.858108,799475.338647,870313.370239,404640.310949,879484.100969,408904.121807,885469.119301,411686.777508,888983.551365,413320.766558,890665.34551,414102.694667,891411.774141,819215.358879,891732.111121,788673.21779,891867.37239,819221.742576,891924.022884,788674.59773,891947.650947,802034.965856,891957.484754,788674.662212,891961.572963,802034.979794,891963.271576,782641.947669,891963.977122,724516.398328,499636.846104,647680.500785,528056.066758,667169.273128,585185.788844,0,603056.441647,683521.802945,555524.021183,689261.961468,603056.441647,692553.135928,603056.441647,694379.097424,603056.441647,695137.293397,603056.441647,695452.119934,603056.441647,695582.845698,572509.051526,695637.127099,603056.441647,695659.666424,572509.051526,695669.025453,585869.366631,695672.911612,572509.051526,695674.525266,585869.366631,695675.195306,566476.33397,695675.473527,557885.194114,718229.400571,536361.096129
a6,815477.631375,379145.154056,842948.11207,391917.193418,787204.983377,366000.157537,908650.343859,422464.583539,196418.897,784968.301847,766871.747791,356546.486589,790319.016001,367447.986124,823021.848163,382652.73861,815536.901119,379172.710745,778680.621762,362036.867513,778145.353221,361788.001432,790432.759938,367500.869874,788476.496341,366591.330797,804745.828103,374155.543013,778680.621762,362036.867513,789627.797245,367126.613037,821567.542816,381976.578431,785975.5264,365428.537656,890456.073159,722937.00132,535063.675825,731789.751023,534264.26858,723824.868945,603056.441647,0,598176.734553,765871.026739,546768.626091,761176.092296,560363.969496,740457.837646,577257.19255,759365.179542,574700.762858,764756.363417,557996.52172,759365.179542,557937.266855,737965.375197,563731.115165,756469.522368,562855.687257,741328.31691,570434.168507,748399.909662,558321.440655,745008.227189,563413.660734,756469.522368,578264.654701,702974.95011,561717.04125,723824.868945,614313.576423,573627.943452
a7,923323.648454,739297.060929,343725.997937,794756.916589,369511.329741,839363.577101,390250.610943,864113.661052,401757.837553,186791.567295,842209.135548,883414.293899,410731.413413,889399.31223,413514.069114,892913.744294,415148.058164,894595.538439,849811.556084,895341.967071,790637.205052,895662.304051,837384.969241,895797.565319,799104.534534,895854.215814,799104.779811,895877.843876,807391.67388,895887.677683,799104.844292,895891.765893,807391.687819,895893.464505,820995.474686,895894.170051,734950.118248,503567.039034,651610.693714,551727.618734,671099.466058,567071.276025,683521.802945,598176.734553,0,634195.169311,693192.154397,566191.44677,696483.328858,620756.247122,698309.290353,631170.361066,699067.486327,633676.921233,699382.312863,574478.28782,699513.038628,621220.802976,699567.320029,582939.233606,699589.859354,582939.233606,699599.218382,591226.074655,699603.104542,582939.233606,699604.718196,591226.074655,699605.388235,604829.860986,699605.666456,568318.914034,722159.593501,544814.271533
a8,831782.465615,386725.872683,835151.967137,388292.47818,904612.66072,420587.315771,806416.205544,374932.163075,962289.923739,447403.602016,208013.966237,807372.519642,964428.14299,448397.738986,856259.281278,398106.04679,968844.787741,450451.19998,969626.71585,450814.747189,911823.555983,423939.926858,873229.632027,405996.188581,874374.380252,406528.42424,858105.04849,398964.212024,898807.190448,417888.138584,882564.840255,410336.471093,874323.362983,406504.704431,911616.706227,423843.754779,918856.703296,730517.719947,531438.960588,722396.371726,588851.426815,734091.793878,555524.021183,765871.026739,634195.169311,0,617150.38014,777798.22246,577326.448161,780209.671598,592710.500731,780209.671598,589475.096405,780209.671598,607042.541732,780209.671598,620089.192281,766849.356494,602226.433872,771922.830549,602792.780701,766849.356494,595242.837518,780209.671598,614172.711725,766849.356494,606623.51879,780209.671598,602792.780701,746184.808166,620132.258374,752225.499082,630618.410662,581208.662079
a9,929063.806977,751643.163961,349466.15646,789866.11108,367237.413927,804021.362758,373818.712362,772689.988325,359251.601142,879983.721692,409136.413903,190222.139502,861660.796905,880102.975104,409191.859211,898653.902817,417816.869512,900335.696962,418598.797621,901082.125594,849998.089646,901402.462574,806309.341545,901537.723843,806310.476209,901594.374337,791169.516027,901618.0024,806310.774506,901627.836206,805440.306703,901631.924416,806310.788444,901633.623028,839124.92791,901634.328574,724131.726071,509307.197557,657350.852238,549453.70292,676839.624581,557500.521857,689261.961468,546768.626091,693192.154397,617150.38014,0,648562.109806,702223.487381,574133.490559,704049.448877,633839.172414,704807.64485,634733.432472,705122.471386,633839.172414,705253.197151,590145.175281,705307.478552,590145.175281,705330.017877,575003.969822,705339.376905,590145.175281,705343.263065,589274.696017,705344.876719,590145.175281,705345.546758,622959.314211,705345.82498,557500.521857,727899.752024,557160.374565
a10,841130.997334,391072.349777,842948.11207,391917.193418,926552.219909,430787.82579,908650.343859,422464.583539,816025.502356,379399.879476,985812.188697,458339.970304,213098.687099,820945.083591,864055.426212,401730.762028,932821.226696,433702.518195,858481.471118,399139.224783,875931.433637,407252.355771,863295.679124,401377.527594,911632.105201,423850.91433,878212.147509,408312.743744,918914.289467,427236.670303,872630.887352,405717.810106,894430.462001,415853.23615,931723.805245,433192.286499,927558.430429,734864.197041,535063.675825,744335.930915,599051.936834,737716.509116,603056.441647,761176.092296,566191.44677,777798.22246,648562.109806,0,628029.100218,783834.386836,596335.215969,783834.386836,629230.570308,783834.386836,595098.87899,767086.600001,603401.621194,775067.732467,597607.772884,775547.545787,620115.270791,775547.545787,604591.369238,783834.386836,623521.243445,775547.545787,602004.857803,783834.386836,612141.31242,741566.147178,629480.790094,760927.226215,639966.942382,585555.139173
a11,932354.981437,758721.919508,352757.33092,793503.30982,368928.481731,801620.004318,372702.23228,873144.994036,405956.837259,794329.228813,369312.481924,892445.626882,414930.413119,192915.983373,871929.110927,901945.077278,800855.479693,899833.353352,806358.995518,899833.353352,800992.094023,900082.219433,865374.855499,892953.433144,415166.510974,904885.548797,860540.133654,904909.17686,867085.557122,899833.353352,854780.769151,904923.098876,867085.571061,899833.353352,837307.311778,896441.683209,704676.556134,512598.372017,660642.026698,551144.770725,680130.799041,561771.729518,692553.135928,560363.969496,696483.328858,577326.448161,702223.487381,628029.100218,0,656426.463272,707340.623337,584833.176791,708098.81931,590224.360667,708413.645847,584833.176791,708544.371611,649210.689234,708598.653012,584833.176791,708621.192337,644374.58745,708630.551366,650919.957897,708634.437525,638615.158465,708636.051179,650919.957897,708636.721219,621141.698078,708636.99944,538045.35192,731190.926484,564239.130111
a12,846317.613592,393483.798915,842948.11207,391917.193418,933249.335356,433901.561697,908650.343859,422464.583539,933385.091701,433964.679827,825728.909108,383911.351057,996933.073935,463510.479899,215502.647655,828669.127242,868165.997188,403641.91804,890335.113695,413949.15772,943086.182928,438475.074835,942966.29043,438419.332393,885975.131794,411922.041373,942894.131208,438385.78291,942885.224992,438381.642081,910404.233298,423280.031409,918401.397526,426998.207928,929089.074532,431967.303043,917820.937627,737275.646179,535063.675825,751033.046362,602165.67274,737716.509116,603056.441647,740457.837646,620756.247122,780209.671598,574133.490559,783834.386836,656426.463272,0,634064.673301,783834.386836,592341.3666,783834.386836,609908.811927,783834.386836,634624.340259,783834.386836,634649.577683,783834.386836,608186.397834,768693.181378,634664.408404,783834.386836,634666.215223,782963.907573,619567.079106,783834.386836,623286.284198,759128.368481,628255.806638,751189.733413,645153.55864,587966.588312
a13,934180.942933,762649.251596,354583.292416,788321.51931,366519.276261,787328.835434,366057.740924,874970.955531,406805.794085,885100.857648,411515.559087,836145.273746,388754.303048,900256.60671,418562.025646,194604.453941,875254.926643,905452.832919,420977.942805,906199.26155,421324.984998,906519.59853,860034.016558,860308.118941,399988.500708,906711.510293,868358.465244,906735.138356,812500.815194,906744.972163,812500.826655,906749.060372,812500.829133,906750.758985,846043.41668,906751.464531,725135.383513,514424.333513,662467.988194,548735.565254,681956.760537,558504.179299,694379.097424,577257.19255,698309.290353,592710.500731,704049.448877,596335.215969,707340.623337,634064.673301,0,659232.623741,709924.780806,576708.078749,710239.607343,637483.90223,710370.333107,643869.850294,710424.614508,568421.237699,710447.153833,652192.919039,710456.512861,596335.215969,710460.399021,596335.215969,710462.012675,596335.215969,710462.682715,629877.802981,710462.960936,558504.179299,733016.88798,568166.4622
a14,848471.257889,394485.107558,842948.11207,391917.193418,934250.643999,434367.107005,908650.343859,422464.583539,955784.076542,444378.793771,954145.658715,443617.032912,842948.11207,391917.193418,999337.034492,464628.1698,216022.302902,832098.882975,890981.231027,414249.561491,883034.563798,410554.862888,947598.412396,440572.976689,894030.487661,415667.273332,893999.7974,415653.004298,884481.816769,411227.744157,886654.40212,412237.859194,910218.111892,423193.496705,947511.455137,440532.547053,927404.143778,738276.954822,535063.675825,752034.355005,602631.218048,737716.509116,603056.441647,759365.179542,631170.361066,780209.671598,633839.172414,783834.386836,584833.176791,783834.386836,659232.623741,0,636570.830862,783834.386836,610209.215699,783834.386836,606704.128311,783834.386836,636803.22198,783834.386836,611931.629792,783834.386836,611931.629792,783834.386836,607512.317299,783834.386836,608524.906891,783834.386836,619481.572975,748086.196266,636821.050648,760772.939564,647307.202936,588967.896954
a15,934939.138906,764280.00196,355341.48839,806372.407042,374911.799537,775490.331713,360553.584037,817452.956699,380063.555632,820458.901418,381461.130167,895029.784351,416131.883209,810516.882399,376838.718945,904529.234747,420548.52796,195528.052113,876532.463649,906957.457523,421677.498262,862114.992716,400828.582949,866823.760539,403017.862731,907469.706267,870041.765173,907493.334329,815335.569377,907503.168136,815335.580839,907507.256345,815335.583316,907508.954958,841591.494959,907509.660504,723947.257759,515182.529486,663226.184167,557128.08853,682714.95651,557316.053545,695137.293397,574700.762858,699067.486327,589475.096405,704807.64485,629230.570308,708098.81931,592341.3666,709924.780806,636570.830862,0,660397.828798,710997.803316,575720.520909,711128.52908,616992.749213,711182.810481,619183.163659,711205.349806,653876.218969,711214.708835,599169.970152,711218.594994,599169.970152,711220.208648,599169.970152,711220.878688,625425.88126,711221.156909,557316.053545,733775.083953,569797.212564
a16,849365.517947,394900.882032,842948.11207,391917.193418,934666.418473,434560.415888,908650.343859,422464.583539,961175.260417,446885.353938,956069.059745,444511.29297,854543.63009,397308.377294,821840.797928,382103.624808,999856.689738,464869.776685,216134.634851,833571.119593,998033.063747,464021.905721,903378.866223,420013.679217,888284.972948,412995.971694,888254.282687,412981.70266,912717.783144,424355.686037,912714.074452,424353.961729,888233.955679,412972.251884,941765.940423,437861.245415,912634.55438,738692.729296,535063.675825,752450.129479,602824.526932,737716.509116,603056.441647,764756.363417,633676.921233,780209.671598,634733.432472,783834.386836,590224.360667,783834.386836,576708.078749,783834.386836,660397.828798,0,637611.465385,783834.386836,614487.829635,783834.386836,616243.924508,755920.408566,609260.328154,783834.386836,609260.328154,783834.386836,620640.259179,783834.386836,620641.009426,783834.386836,609260.328154,760202.298802,634149.74901,746003.350166,648201.462994,589383.671428
a17,935253.965443,764957.140204,355656.314926,782887.724638,363992.904763,776418.634287,360985.186132,779668.374767,362496.110305,858243.483349,399028.575494,895344.610888,416278.257674,848301.464331,394406.164272,847829.891761,394186.912797,906525.855428,421476.830534,195959.654208,877040.57539,907592.62104,421972.809201,854874.324269,397462.129211,907784.532803,870836.914477,907808.160866,820031.132585,907817.994672,858583.687088,907822.082882,820031.146523,907823.781494,813998.429503,907824.48704,724378.859853,515497.356023,663541.010704,546209.193757,683029.783047,557747.655639,695452.119934,557996.52172,699382.312863,607042.541732,705122.471386,595098.87899,708413.645847,609908.811927,710239.607343,610209.215699,710997.803316,637611.465385,0,660881.658158,711443.355617,571888.161892,711497.637018,613627.430139,711520.176343,654671.368273,711529.535371,603865.533359,711533.421531,642418.076402,711535.035185,603865.533359,711535.705224,597832.815804,711535.983446,557747.655639,734089.91049,570474.350807
a18,849736.842521,395073.524518,842948.11207,391917.193418,846062.144694,393365.022005,908650.343859,422464.583539,833849.085623,387686.720525,954145.658715,443617.032912,842948.11207,391917.193418,952559.239854,442879.44829,817730.226952,380192.468797,999969.021687,464922.00395,216158.917232,834192.834611,902845.199685,419765.557966,950269.641333,441814.929515,950248.3101,441805.011839,914363.637958,425120.904626,912180.407914,424105.840478,917741.341062,426691.323341,950233.512063,441798.131686,908611.674442,738865.371782,535063.675825,752622.771965,561629.133049,737716.509116,603056.441647,759365.179542,574478.28782,780209.671598,633839.172414,767086.600001,584833.176791,783834.386836,637483.90223,783834.386836,575720.520909,783834.386836,660881.658158,0,638043.569187,783834.386836,615995.803257,783834.386836,638079.285976,783834.386836,638083.637333,783834.386836,621405.477767,783834.386836,620392.888175,783834.386836,622979.399611,759954.177551,638086.63528,741980.470228,648572.787568,589556.313914
a19,935384.691207,765238.309051,355787.040691,784990.677768,364970.645213,771459.433597,358679.470876,777565.421637,361518.369855,886304.605922,412075.226044,839476.115288,390302.934095,901460.354984,419121.692603,840291.045953,390681.825409,856790.854507,398353.194784,907403.009824,421884.651955,196149.265423,877246.725412,856977.277399,398439.869661,907915.258568,870899.8752,907938.88663,877248.158373,907948.720437,422138.37294,907677.244099,875374.701963,907954.507259,787994.520726,907955.212805,724817.33715,515628.081787,663671.736468,547186.934207,683160.508811,555441.940384,695582.845698,557937.266855,699513.038628,620089.192281,705253.197151,603401.621194,708544.371611,634624.340259,710370.333107,606704.128311,711128.52908,614487.829635,711443.355617,638043.569187,0,661082.559148,711628.362782,590830.786359,711650.902107,654734.328996,711660.261136,661082.559148,711664.147295,598271.293101,711665.760949,659209.088799,711666.430989,571828.907027,711666.70921,558186.132936,734220.636254,570755.519655
a20,849891.028027,395145.211044,842948.11207,391917.193418,921597.691062,428484.282647,842948.11207,391917.193418,934384.272197,434429.235681,860167.315032,399923.035779,981413.173332,456294.705861,966294.326164,449265.396353,906499.75848,421464.697101,808559.173051,375928.507684,999993.304068,464933.293724,216164.166265,834453.237409,969350.291103,450686.227132,904194.707779,420392.994038,950571.030638,441955.056516,950567.321945,441953.332208,903262.396341,419959.528075,924317.098084,429748.635241,904347.71333,738937.058309,535063.675825,739381.402068,596748.39369,737716.509116,572509.051526,737965.375197,621220.802976,766849.356494,590145.175281,775067.732467,649210.689234,783834.386836,643869.850294,783834.386836,616992.749213,783834.386836,571888.161892,783834.386836,661082.559148,0,638222.992118,783834.386836,601147.71798,783834.386836,616671.619533,783834.386836,638239.629658,783834.386836,638240.379905,783834.386836,616247.604345,777801.66928,626037.138836,737716.509116,648726.973074,589628.000441
a21,935438.972608,765355.059097,355841.322092,797452.258384,370764.493523,777000.629606,361255.777215,790027.002253,367312.218165,847884.855864,394212.467635,827014.534673,384509.085786,901514.636385,419146.930028,905029.068449,420780.919078,860567.915392,400109.289657,859982.021588,399836.886025,907777.628206,422058.825853,196230.245291,877331.280412,907969.539969,802668.00274,848989.861022,394726.225276,908003.001838,422163.610365,908007.090047,877331.592648,908008.78866,788324.366674,908009.494206,724649.450937,515682.363188,663726.017869,552980.782517,683214.790212,558018.246723,695637.127099,563731.115165,699567.320029,602226.433872,705307.478552,597607.772884,708598.653012,634649.577683,710424.614508,636803.22198,711182.810481,616243.924508,711497.637018,615995.803257,711628.362782,638222.992118,0,661165.979484,711705.183508,586502.456535,711714.542537,610891.824501,711718.428696,638329.221051,711720.04235,661165.979484,711720.71239,572158.752975,711720.990611,558018.246723,734274.917655,570872.2697
a22,849955.050642,395174.977519,842948.11207,391917.193418,839834.079446,390469.364831,908650.343859,422464.583539,852047.138517,396147.666311,860167.315032,399923.035779,842948.11207,391917.193418,804017.214661,373816.783758,911210.966772,423655.111547,898333.227928,417667.775932,848893.709602,394681.520936,999998.553101,464935.734193,216165.300929,834561.850557,999999.933041,464936.375778,922566.667705,428934.795616,903648.197959,420138.901472,898082.84024,417551.361463,950702.840555,442016.339806,904347.71333,738966.824783,535063.675825,752724.224966,558733.475875,737716.509116,603056.441647,756469.522368,582939.233606,771922.830549,590145.175281,775547.545787,584833.176791,783834.386836,568421.237699,783834.386836,619183.163659,755920.408566,613627.430139,783834.386836,590830.786359,783834.386836,661165.979484,0,638297.494096,783834.386836,613415.422545,775547.545787,625219.368758,775547.545787,616425.949169,775547.545787,613839.437733,755987.238544,638304.843401,737716.509116,648790.995689,589657.766915
a23,935461.511933,765403.537345,355863.861417,782431.732423,363780.897169,774018.378943,359869.218921,788808.886713,366745.871336,849102.971404,394778.814464,875424.328064,407016.583692,844596.845063,392683.750178,851534.511029,395909.32689,845547.389431,393125.693303,907479.83055,421920.368743,828035.030052,384983.551715,907935.428799,422132.193168,196264.35646,877366.164405,864010.386982,401709.82163,856654.099954,398289.61255,866433.973329,402836.636285,908031.327985,845934.800133,908032.033531,729735.757552,481443.185987,663748.557194,545997.186163,683237.329537,556631.688428,695659.666424,562855.687257,699589.859354,602792.780701,705330.017877,620115.270791,708621.192337,608186.397834,710447.153833,611931.629792,711205.349806,609260.328154,711520.176343,638079.285976,711650.902107,601147.71798,711705.183508,638297.494096,0,661200.6182,711737.081862,578072.935325,711740.968021,614455.223237,711742.581675,619002.249448,711743.251715,629769.186433,711743.529936,563104.553338,734297.456981,570920.747949
a24,849981.634822,395187.337484,842948.11207,391917.193418,921597.691062,428484.282647,842948.11207,391917.193418,852047.138517,396147.666311,827601.1617,384781.830321,971011.542321,451458.604077,984195.829033,457588.465098,985829.818083,458348.166856,986611.746192,458711.714065,986339.34256,458585.063572,839410.035671,390272.211245,999999.687765,464936.26174,216165.546205,834607.055128,857124.504491,398508.320965,925615.654194,430352.381856,881593.262693,409884.748861,870903.747481,404914.799097,918691.416891,738979.184748,535063.675825,739381.402068,596748.39369,737716.509116,572509.051526,741328.31691,582939.233606,766849.356494,575003.969822,775547.545787,644374.58745,768693.181378,652192.919039,783834.386836,653876.218969,783834.386836,654671.368273,783834.386836,654734.328996,783834.386836,586502.456535,783834.386836,661200.6182,0,638328.429634,783834.386836,594792.894106,783834.386836,626639.429553,783834.386836,606172.825131,766200.718929,601203.302691,752060.212677,648817.579869,589670.12688
a25,935470.870961,765423.66702,355873.220445,806904.139097,375159.021375,774018.378943,359869.218921,805047.528213,374295.814519,832864.329904,387228.871281,842035.060633,391492.682139,901546.534738,419161.760749,851534.511029,395909.32689,845547.389431,393125.693303,907489.189579,421924.720101,861424.297483,400507.453268,854418.332054,397250.121617,908001.438322,422162.883429,196278.625494,877380.600497,840415.458454,390739.669368,866433.973329,402836.636285,854514.23124,397294.708684,908041.392559,729773.654648,515714.261542,663757.916222,557375.310369,683246.688566,556631.688428,695669.025453,570434.168507,699599.218382,595242.837518,705339.376905,604591.369238,708630.551366,634664.408404,710456.512861,611931.629792,711214.708835,609260.328154,711529.535371,638083.637333,711660.261136,616671.619533,711714.542537,613415.422545,711737.081862,638328.429634,0,661215.001272,711750.32705,567131.30967,711751.940704,619002.249448,711752.610743,613460.322384,711752.888964,563142.450434,734306.816009,570940.877624
a26,849992.673399,395192.469726,842948.11207,391917.193418,889792.525841,413696.88862,871683.873662,405277.508523,869870.721784,404434.507361,860167.315032,399923.035779,985089.519017,458003.974524,864055.426212,401730.762028,868165.997188,403641.91804,877337.051089,407905.879152,999993.304068,464933.293724,891867.410946,414661.57921,821206.204372,381808.578865,999999.933041,464936.375778,216165.599225,834625.848172,882287.858121,410207.691886,926305.825051,430673.267736,950783.760697,442053.962564,915279.979957,738984.31699,535063.675825,752741.717173,581960.999664,737716.509116,585869.366631,748399.909662,591226.074655,780209.671598,590145.175281,783834.386836,650919.957897,783834.386836,596335.215969,783834.386836,599169.970152,783834.386836,603865.533359,783834.386836,661082.559148,783834.386836,610891.824501,775547.545787,578072.935325,783834.386836,661215.001272,0,638341.27503,783834.386836,606494.739583,783834.386836,626961.344006,746056.028958,638342.466159,748648.775743,648828.618447,589675.259122
a27,935474.757121,765432.025487,355877.106605,806908.025257,375160.828194,777117.479558,361310.105066,778391.714028,361902.543655,873579.264238,406158.745488,882749.994968,410422.556346,901550.420898,419163.567567,842029.322774,391490.014397,870023.682265,404505.624328,871617.309813,405246.560535,907813.412718,422075.463393,879806.609318,409054.067829,814363.918556,378627.347902,908028.952544,422175.675805,196284.573142,877386.584257,908042.87456,422182.148664,879703.794023,409006.265208,908045.278719,724703.778788,515718.147701,663761.802382,557377.117188,683250.574725,558072.574574,695672.911612,558321.440655,699603.104542,614172.711725,705343.263065,623521.243445,708634.437525,634666.215223,710460.399021,607512.317299,711218.594994,620640.259179,711533.421531,621405.477767,711664.147295,638239.629658,711718.428696,625219.368758,711740.968021,594792.894106,711750.32705,638341.27503,0,661220.973571,711755.826863,590717.227997,711756.496903,625171.878907,711756.775124,558072.574574,734310.702168,570949.236091
a28,849997.25696,395194.600792,842948.11207,391917.193418,921597.691062,428484.282647,842948.11207,391917.193418,852047.138517,396147.666311,858295.06244,399052.556515,958623.99181,445699.175092,864055.426212,401730.762028,868165.997188,403641.91804,960257.002974,446458.422195,864896.971963,402122.027677,950880.576414,442098.975761,899458.307216,418190.866776,797641.941453,370852.684176,999999.986061,464936.400429,216165.610686,834633.656535,969967.945955,450973.397647,936700.63319,435506.197315,904347.71333,738986.448056,535063.675825,739381.402068,596748.39369,737716.509116,572509.051526,745008.227189,582939.233606,766849.356494,589274.696017,775547.545787,638615.158465,782963.907573,596335.215969,783834.386836,599169.970152,783834.386836,642418.076402,783834.386836,598271.293101,783834.386836,638329.221051,775547.545787,614455.223237,783834.386836,567131.30967,783834.386836,661220.973571,0,638346.608838,783834.386836,599355.336872,777801.66928,631794.70091,737716.509116,648833.202007,589677.390189
a29,935476.370775,765435.496183,355878.720259,806909.638911,375161.578441,767543.249079,356858.692297,789344.211858,366994.763734,857342.236391,398609.552553,836471.9152,388906.170704,869074.751551,404064.43145,844207.230471,392502.603989,870025.295919,404506.374575,869439.402116,404233.970943,907815.026373,422076.21364,860893.461917,400260.64824,882860.390606,410473.883349,839532.480494,390329.140358,908040.400005,422180.998152,196287.047697,877389.066619,765108.963285,355726.903075,908046.892373,729795.998867,515719.761355,663763.416036,557377.867435,683252.188379,553621.161804,695674.525266,563413.660734,699604.718196,606623.51879,705344.876719,602004.857803,708636.051179,619567.079106,710462.012675,608524.906891,711220.208648,620641.009426,711535.035185,620392.888175,711665.760949,638240.379905,711720.04235,616425.949169,711742.581675,626639.429553,711751.940704,606494.739583,711755.826863,638346.608838,0,661223.453455,711758.110557,532135.384769,711758.388778,563164.794653,734312.315823,570952.706787
a30,849999.160197,395195.485677,842948.11207,391917.193418,889792.525841,413696.88862,871683.873662,405277.508523,869870.721784,404434.507361,860167.315032,399923.035779,985089.519017,458003.974524,864055.426212,401730.762028,868165.997188,403641.91804,877337.051089,407905.879152,995963.788532,463059.823376,999998.553101,464935.734193,909238.18592,422737.892988,909207.495658,422723.623954,848358.441062,394432.654855,999999.997522,464936.405758,216165.613164,834636.899871,855653.345699,397824.324998,922851.860501,738987.332941,535063.675825,752741.717173,581960.999664,737716.509116,585869.366631,756469.522368,591226.074655,780209.671598,590145.175281,783834.386836,650919.957897,783834.386836,596335.215969,783834.386836,599169.970152,783834.386836,603865.533359,783834.386836,659209.088799,783834.386836,661165.979484,775547.545787,619002.249448,783834.386836,619002.249448,783834.386836,590717.227997,783834.386836,661223.453455,0,638348.823601,783834.386836,594112.828593,756220.656287,648835.105244,589678.275074
a31,935477.040815,765436.937323,355879.390298,782431.732423,363780.897169,777125.01419,361313.608195,821286.169714,381845.757701,849102.971404,394778.814464,858273.702134,399042.625322,877074.128064,407783.636543,867773.152529,403459.270073,845547.389431,393125.693303,875002.547549,406820.482379,860512.313054,400083.43808,855330.316484,397674.136805,838840.21139,390007.278926,883552.65971,410795.744781,824176.816953,383189.726186,908045.158254,422183.210437,196288.07627,877390.096879,908047.562412,724707.281916,481443.185987,663764.086076,541686.349045,683252.858419,558076.077702,695675.195306,578264.654701,699605.388235,602792.780701,705345.546758,612141.31242,708636.721219,623286.284198,710462.682715,619481.572975,711220.878688,609260.328154,711535.705224,622979.399611,711666.430989,616247.604345,711720.71239,613839.437733,711743.251715,606172.825131,711752.610743,626961.344006,711756.496903,599355.336872,711758.110557,638348.823601,0,661224.48318,711759.058818,558076.077702,734312.985862,570954.147927
a32,849999.95048,395195.853109,842948.11207,391917.193418,907296.963211,421835.346974,829972.764403,385884.475862,899130.148504,418038.293692,930744.937323,432737.174709,921041.555473,428225.714706,936199.81622,435273.34904,924637.988758,429897.829147,864361.703422,401873.161596,808023.90451,375679.641603,808559.173051,375928.507684,932396.03301,433504.829973,897287.754721,417181.696889,922464.525127,428887.305765,722353.554527,335848.337072,1000000,464936.40691,216165.613699,834638.246834,388053.63067,738987.700373,535063.675825,725080.674217,590099.458018,737716.509116,566476.33397,702974.95011,604829.860986,746184.808166,622959.314211,741566.147178,621141.698078,759128.368481,629877.802981,748086.196266,625425.88126,760202.298802,597832.815804,759954.177551,571828.907027,777801.66928,572158.752975,755987.238544,629769.186433,766200.718929,613460.322384,746056.028958,625171.878907,777801.66928,532135.384769,783834.386836,661224.48318,0,638349.74324,554684.834884,648835.895527,589678.642505
a33,935477.319036,765437.53573,355879.668519,793120.328532,368750.419609,763329.782833,354899.696481,785695.072401,365298.144251,886397.233751,412118.292137,895567.964481,416382.102995,887762.724173,412753.158982,905067.414877,420798.747746,899080.293279,418015.114159,907495.637653,421927.718048,881567.9339,409872.972571,907951.235902,422139.542473,828151.615281,385037.756487,908031.514459,422176.866934,893948.362301,415629.090224,812901.069482,377947.215429,908047.135088,422184.12954,196288.503595,721316.039098,515720.709616,663764.364297,550966.708603,683253.13664,551662.165989,695675.473527,561717.04125,699605.666456,620132.258374,705345.82498,629480.790094,708636.99944,628255.806638,710462.960936,636821.050648,711221.156909,634149.74901,711535.983446,638086.63528,711666.70921,626037.138836,711720.990611,638304.843401,711743.529936,601203.302691,711752.888964,638342.466159,711756.775124,631794.70091,711758.388778,594112.828593,711759.058818,638349.74324,0,554684.834884,734313.264083,570954.746333
a34,800465.869029,927545.363424,431249.574829,613339.619874,906973.833651,421685.112127,811494.686246,377293.336006,820601.321983,381527.346739,789954.227192,367278.382356,793346.867968,368855.746146,782687.311611,363899.725358,778145.353221,361788.001432,778145.353221,361788.001432,778680.621762,362036.867513,778145.353221,361788.001432,789011.764882,366840.196878,789062.584819,366863.82494,778145.353221,361788.001432,789092.528704,366877.746956,778145.353221,361788.001432,770850.448583,358396.331289,166631.204214,591090.615926,470193.137467,724757.544657,589949.223171,723576.002864,557885.194114,723824.868945,568318.914034,752225.499082,557500.521857,760927.226215,538045.35192,751189.733413,558504.179299,760772.939564,557316.053545,746003.350166,557747.655639,741980.470228,558186.132936,737716.509116,558018.246723,737716.509116,563104.553338,752060.212677,563142.450434,748648.775743,558072.574574,737716.509116,563164.794653,756220.656287,558076.077702,554684.834884,554684.834884,0,599301.814076,733062.574028
a35,201164.054953,813947.190288,378433.595564,829464.514216,385648.17161,874071.174728,406387.452813,898821.258679,417894.679423,908951.160796,422604.444425,918121.891526,426868.255283,924106.909857,429650.910984,927621.341921,431284.900034,929303.136066,432066.828143,930049.564698,432413.870336,930369.901678,432562.80681,930505.162946,432625.694761,930561.813441,432652.033664,930585.441503,432663.019222,930595.27531,432667.591321,930599.36352,432669.49208,930601.062132,432670.281828,930601.767678,432670.609862,538274.63666,686318.291341,567864.460604,705807.063685,603149.92232,718229.400571,614313.576423,722159.593501,630618.410662,727899.752024,639966.942382,731190.926484,645153.55864,733016.88798,647307.202936,733775.083953,648201.462994,734089.91049,648572.787568,734220.636254,648726.973074,734274.917655,648790.995689,734297.456981,648817.579869,734306.816009,648828.618447,734310.702168,648833.202007,734312.315823,648835.105244,734312.985862,648835.895527,734313.264083,599301.814076,0,619464.400891
a36,418300.345939,194482.789396,698115.677757,324579.254467,734248.325837,341378.654837,765200.018542,355769.238021,770046.840452,358022.704238,789222.628317,366938.235063,798653.826272,371323.146738,803469.235967,373562.008259,804990.199856,374269.160451,805518.306279,374514.6966,805715.231146,374606.254232,805792.166705,374642.02441,805823.067844,374656.391488,805835.673085,374662.25213,805840.858347,374664.662949,805843.000875,374665.65909,805843.888238,374666.071657,805844.256205,374666.242739,899693.778242,538274.63666,467725.736874,552032.036843,509642.76588,568437.549035,536361.096129,573627.943452,544814.271533,581208.662079,557160.374565,585555.139173,564239.130111,587966.588312,568166.4622,588967.896954,569797.212564,589383.671428,570474.350807,589556.313914,570755.519655,589628.000441,570872.2697,589657.766915,570920.747949,589670.12688,570940.877624,589675.259122,570949.236091,589677.390189,570952.706787,589678.275074,570954.147927,589678.642505,570954.746333,733062.574028,619464.400891,0
